{"cameraMode":{"drawMode":0,"name":"Shaded","section":"Shading Mode"},"sceneLighting":true,"audioPlay":false,"sceneViewState":{"m_AlwaysRefresh":false,"showFog":true,"showSkybox":true,"showFlares":true,"showImageEffects":true,"showParticleSystems":true,"showVisualEffectGraphs":true,"m_FxEnabled":true},"in2DMode":false,"pivot":{"x":-1.7112988233566285,"y":0.3647967576980591,"z":-14.016423225402832},"rotation":{"x":0.2626916170120239,"y":0.01158276665955782,"z":-0.0031218670774251224,"w":0.9648895263671875},"size":9.457587242126465,"orthographic":false}