{"cameraMode":{"drawMode":0,"name":"Shaded","section":"Shading Mode"},"sceneLighting":true,"audioPlay":false,"sceneViewState":{"m_AlwaysRefresh":false,"showFog":true,"showSkybox":true,"showFlares":true,"showImageEffects":true,"showParticleSystems":true,"showVisualEffectGraphs":true,"m_FxEnabled":true},"in2DMode":false,"pivot":{"x":4.133512496948242,"y":3.5765249729156496,"z":-16.569040298461915},"rotation":{"x":0.02428310364484787,"y":-0.01227037888020277,"z":-0.001135961851105094,"w":-0.9998537302017212},"size":2.189082384109497,"orthographic":false}